id	measured_binder	margin	design_mean
neg_3d6b9bb9_L85	0	8.6251	6.1643
pos_e803ccc6_L80	1	8.2091	6.5166
neg_bbe69028_L78	0	8.1761	12.7362
neg_e8b2b029_L80	0	8.1431	6.4602
pos_396477c7_L80	1	8.0654	6.7482
pos_2363716a_L83	1	8.0565	6.8225
neg_84ab777c_L80	0	7.9797	6.5791
pos_de52b70d_L83	1	7.9336	6.6740
neg_420fe7d7_L80	0	7.9162	6.8226
pos_76636d0e_L83	1	7.9000	6.7619
neg_e384ee2a_L80	0	7.8400	6.7907
pos_85b7e1d9_L83	1	7.8354	6.8100
pos_a1b56180_L83	1	7.7934	6.6713
pos_8ddbb3e7_L83	1	7.7839	6.7974
neg_6a1e16cd_L80	0	7.7823	7.1578
pos_d0747c7e_L80	1	7.7349	6.4113
pos_f8168e6b_L83	1	7.6499	6.7721
neg_f563e87f_L80	0	7.6118	7.7932
neg_6fe2ab84_L80	0	7.5605	6.9720
pos_da1ccdaf_L83	1	7.3325	6.5724
neg_3b9ac9e4_L82	0	7.2984	6.9056
neg_7e07d3bb_L80	0	7.2605	7.2347
neg_d80332d0_L80	0	7.1766	7.2655
neg_6bbc8111_L80	0	7.1759	7.4172
neg_138372c3_L80	0	7.0351	7.2265
neg_2d3c7ea3_L80	0	6.5436	7.9337
neg_1661a6bd_L80	0	6.1510	8.2457
neg_171b9278_L80	0	5.9187	9.0791
pos_f1ef49b0_L80	1	5.9177	8.6726
neg_3c481503_L80	0	5.6341	8.6209
neg_c59d2d26_L85	0	5.2377	9.4226
neg_fbc412a9_L80	0	5.0347	9.6686
neg_5b91dc8c_L80	0	4.8901	9.6381
neg_d05d434f_L84	0	4.7780	9.4690
neg_ef04a004_L83	0	4.6816	9.2411
neg_af6c7c9d_L83	0	4.4757	10.1448
neg_c0f0e6c5_L85	0	4.1436	9.9005
neg_2410b2e6_L79	0	3.9574	11.2242
neg_a90bb700_L80	0	3.2207	11.2623
neg_208bf0f4_L80	0	-0.1236	14.7023
neg_df7398f9_L84	0	-0.2443	14.7594
neg_4415d953_L85	0	-0.3790	14.8726
