design	mouse_design_mean	mouse_null_mean	mouse_margin	human_margin
tnfa_corrected_8_s1	15.8894	21.0986	5.2093	-0.4637
tnfa_corrected_6_s2	14.6662	19.8091	5.1429	0.3402
tnfa_corrected_18_s1	17.3226	21.8510	4.5284	3.8646
tnfa_corrected_30_s1	18.5843	20.5749	1.9906	5.8141
tnfa_corrected_23_s1	18.8499	20.4874	1.6375	0.2427
tnfa_corrected_49_s1	18.8236	20.3527	1.5291	3.0157
tnfa_corrected_19_s1	20.4687	21.5662	1.0976	0.5123
tnfa_corrected_39_s2	22.2906	23.2735	0.9829	0.1831
tnfa_corrected_15_s2	21.6472	22.4132	0.7660	0.5690
tnfa_corrected_42_s1	21.2394	21.4987	0.2593	1.6665
tnfa_corrected_44_s1	22.3870	22.0886	-0.2983	-0.1211
tnfa_corrected_40_s2	22.8421	22.5404	-0.3018	0.0680
tnfa_corrected_21_s1	19.6699	19.2317	-0.4382	0.4804
tnfa_corrected_5_s1	21.6988	21.2179	-0.4808	0.9274
tnfa_corrected_45_s2	22.0211	21.4613	-0.5598	3.4249
tnfa_corrected_12_s2	22.3851	21.7992	-0.5859	-0.1308
tnfa_corrected_7_s1	22.6922	22.0839	-0.6084	0.2996
tnfa_corrected_20_s2	21.8858	21.2233	-0.6625	-0.1875
tnfa_corrected_17_s1	23.0532	22.3257	-0.7275	0.1291
tnfa_corrected_10_s1	22.6905	21.8692	-0.8214	-0.0650
tnfa_corrected_4_s2	21.4967	20.5876	-0.9091	-0.2596
tnfa_corrected_38_s2	23.1624	22.0827	-1.0797	-0.4975
tnfa_corrected_1_s2	23.4206	22.3067	-1.1139	0.4543
tnfa_corrected_16_s2	21.9737	20.7499	-1.2238	0.4485
tnfa_corrected_26_s1	23.1425	21.8376	-1.3049	-1.5464
tnfa_corrected_27_s1	22.4030	21.0496	-1.3534	0.6715
tnfa_corrected_29_s2	23.5037	21.9958	-1.5079	-0.4141
tnfa_corrected_34_s2	21.6938	20.0587	-1.6351	-0.3298
tnfa_corrected_3_s1	22.1676	20.3649	-1.8027	4.7764
tnfa_corrected_48_s1	21.5909	19.6718	-1.9191	3.5266
tnfa_corrected_36_s1	23.2506	21.2474	-2.0032	0.0638
tnfa_corrected_41_s2	22.7969	20.7773	-2.0196	-0.0105
tnfa_corrected_25_s1	23.1324	21.0024	-2.1300	-0.1050
tnfa_corrected_11_s1	23.2282	21.0742	-2.1540	3.5841
tnfa_corrected_0_s2	23.0772	20.9025	-2.1748	0.3965
tnfa_corrected_22_s1	23.1962	20.9858	-2.2104	6.0270
tnfa_corrected_28_s2	22.3046	20.0572	-2.2475	0.1098
tnfa_corrected_35_s2	22.1430	19.8697	-2.2733	0.7735
tnfa_corrected_43_s1	23.1284	20.8095	-2.3189	4.7108
tnfa_corrected_13_s2	23.2341	20.8572	-2.3769	0.1219
tnfa_corrected_33_s2	22.8401	20.0767	-2.7633	-1.7318
tnfa_corrected_9_s1	22.8355	19.9723	-2.8632	0.6465
tnfa_corrected_32_s2	21.5504	18.5772	-2.9732	0.4284
tnfa_corrected_47_s1	23.1611	19.8814	-3.2797	-0.1052
tnfa_corrected_14_s2	23.1000	19.7952	-3.3047	-0.2828
tnfa_corrected_46_s2	22.9844	19.6620	-3.3224	1.9996
tnfa_corrected_37_s1	22.5798	18.5464	-4.0334	-0.4914
tnfa_corrected_2_s1	21.8827	15.6632	-6.2195	0.4351
