design	length	pi	gravy	q74	q60	pi_in_assay_range	pi_within_0.5	charge_near_neutral	n_sequons	n_deamid	n_flags	ph_charge_clean
p2trimer02_L76_s0	76	6.01	-0.57	-6.01	0.04	1	0	1	0	1	3	0
p2free-smoke01_L76_s0	76	5.41	-1.45	-9.08	-3.83	0	0	0	0	0	0	1
p2grad-n-s_L84_s1	84	9.79	-1.24	5.67	7.99	0	0	0	1	1	2	1
p2grad-n-p_L76_s0	76	6.45	-0.82	-1.32	1.15	1	0	0	0	1	2	0
p2probe-d_L84_s1	84	4.49	-1.88	-12.37	-10.5	0	0	0	0	0	0	1
p2probe2-f_L76_s1	76	5.39	-1.54	-4.36	-2.14	0	0	0	0	0	0	1
p2grad-n-q_L76_s1	76	5.68	-0.65	-3.31	-0.9	0	1	1	0	0	2	0
p2smoke01_L76_s0	76	6.02	-1.04	-4.16	0.09	1	0	1	0	1	3	0
p2deep-q_L76_s1	76	7.1	-1.55	-0.32	2.12	1	0	1	0	0	2	0
p2probe-c_L84_s0	84	5.8	-0.95	-4.24	-0.85	0	1	1	0	2	3	0
p2species02_L76_s0	76	7.1	-1.35	-0.31	2.12	1	0	1	0	1	3	0
p2probe-a_L76_s0	76	8.9	-0.81	1.61	3.19	0	0	0	0	1	1	1
p2reg1-r1-p_L76_s0	76	7.1	-1.21	-0.33	2.18	1	0	1	0	1	3	0
p2probe2-e_L76_s0	76	4.78	-0.46	-10.19	-6.34	0	0	0	0	1	1	1
p2reg1-smokeR1_L76_s0	76	9.3	-0.96	2.68	5.08	0	0	0	0	0	0	1
p2deep-r_L84_s0	84	6.07	-0.56	-2.31	0.21	1	0	1	0	0	2	0
p2deep-p_L76_s0	76	6.39	-1.65	-2.2	1.63	1	0	0	2	1	3	0
p2reg1-r1-s_L84_s1	84	11.21	-0.63	12.57	13.53	0	0	0	3	1	2	1
p2dry04_L84_s1	84	6.43	-0.88	-1.31	1.04	1	0	0	1	0	2	0
p2dry04_L76_s0	76	5.58	-1.18	-4.27	-1.41	0	1	0	0	0	1	0
p2reg1-r1-q_L76_s1	76	6.94	-1.26	-0.39	1.2	1	0	1	0	1	3	0
p2deep-s_L84_s1	84	8.33	-0.53	0.69	3.12	0	0	1	0	1	2	0
p2grad-smokeA_L76_s0	76	8.28	-1.49	0.62	2.17	0	0	1	0	0	1	0
p2probe2-g_L84_s0	84	6.47	-1.27	-1.33	1.27	1	0	0	0	0	1	0
p2grad-n-r_L84_s0	84	5.83	-0.54	-1.42	-0.25	0	1	1	1	0	3	0
p2free-q_L76_s1	76	4.6	-1.13	-9.33	-7.17	0	0	0	0	1	1	1
p2free-p_L76_s0	76	7.1	-0.38	-0.3	2.08	1	0	1	3	1	4	0
p2reg1-r1-r_L84_s0	84	10.08	-1.19	11.66	14.01	0	0	0	0	0	0	1
p2free-s_L84_s1	84	5.76	-0.17	-4.23	-0.95	0	1	1	0	1	3	0
p2free-r_L84_s0	84	4.75	-0.61	-3.43	-2.39	0	0	0	2	1	2	1
p2trimer03_L76_s0	76	9.11	-0.66	1.61	3.11	0	0	0	0	1	1	1
p2probe2-h_L84_s1	84	9.57	-0.57	3.61	5.05	0	0	0	0	0	0	1
p2dry04_L76_s1	76	6.03	-1.0	-3.24	0.13	1	0	1	0	0	2	0
p2probe-b_L76_s1	76	9.62	-1.01	5.63	7.69	0	0	0	0	1	1	1
p2dry04_L84_s0	84	5.4	-1.42	-5.28	-2.31	0	0	0	0	0	0	1
