design	pae_if_min	pae_if_mean	n_pairs
p2deep-p_L76_s0	0.923	14.422	219486
p2deep-q_L76_s1	0.686	11.218	219486
p2deep-r_L84_s0	1.479	15.434	227022
p2deep-s_L84_s1	0.992	15.086	227022
p2dry04_L76_s0	0.748	12.890	219486
p2dry04_L76_s1	2.771	16.586	219486
p2dry04_L84_s0	0.857	14.642	227022
p2dry04_L84_s1	0.866	14.383	227022
p2free-p_L76_s0	1.010	14.645	219486
p2free-q_L76_s1	0.743	13.516	219486
p2free-r_L84_s0	0.742	15.308	227022
p2free-s_L84_s1	0.766	14.815	227022
p2free-smoke01_L76_s0	0.608	13.160	219486
p2grad-n-p_L76_s0	0.753	14.328	219486
p2grad-n-q_L76_s1	0.817	14.064	219486
p2grad-n-r_L84_s0	0.702	15.024	227022
p2grad-n-s_L84_s1	0.753	14.655	227022
p2grad-smokeA_L76_s0	0.708	13.887	219486
p2probe-a_L76_s0	0.783	14.105	219486
p2probe-b_L76_s1	0.773	12.573	219486
p2probe-c_L84_s0	0.777	14.458	227022
p2probe-d_L84_s1	0.595	13.945	227022
p2probe2-e_L76_s0	0.989	14.499	219486
p2probe2-f_L76_s1	0.794	14.006	219486
p2probe2-g_L84_s0	0.700	14.529	227022
p2probe2-h_L84_s1	0.759	14.659	227022
p2reg1-r1-p_L76_s0	0.777	13.888	219486
p2reg1-r1-q_L76_s1	0.917	14.611	219486
p2reg1-r1-r_L84_s0	0.801	14.525	227022
p2reg1-r1-s_L84_s1	0.737	14.415	227022
p2reg1-smokeR1_L76_s0	0.825	13.947	219486
p2smoke01_L76_s0	0.877	14.047	219486
p2species02_L76_s0	0.712	13.413	219486
p2trimer02_L76_s0	0.850	14.137	219486
p2trimer03_L76_s0	0.814	14.182	219486
