model	metric	n_designs	median_of_5	median_within_design_SD	median_range_over_5_seeds	SD_as_pct_of_spread
af3of3	ipsae_min	150	0.243	0.044	0.106	15
af3of3	iptm_pae	150	0.732	0.038	0.090	16
af3of3	pae_interface_min	150	3.801	1.142	2.651	16
af3of3	pae_interface_mean	150	10.475	0.957	2.418	12
af3of3	plddt_binder	150	88.658	1.165	2.808	13
afm3	ipsae_min	150	0.406	0.059	0.145	19
afm3	iptm_pae	150	0.901	0.016	0.039	21
afm3	pae_interface_min	150	2.515	1.949	4.685	34
afm3	pae_interface_mean	150	8.964	1.473	3.563	18
afm3	plddt_binder	150	87.756	3.343	8.508	23
boltz2	ipsae_min	150	0.472	0.066	0.156	21
boltz2	iptm_pae	150	0.945	0.011	0.026	18
boltz2	pae_interface_min	150	2.072	0.584	1.466	14
boltz2	pae_interface_mean	150	6.198	0.832	2.041	16
boltz2	plddt_binder	150	85.329	0.816	2.040	15
chai1	ipsae_min	150	0.012	0.005	0.012	2
chai1	iptm_pae	150	0.787	0.003	0.007	3
chai1	pae_interface_min	150	7.902	0.350	0.867	6
chai1	pae_interface_mean	150	15.996	0.413	0.965	5
chai1	plddt_binder	150	86.329	0.216	0.542	4
ef2fast	ipsae_min	150	0.280	0.039	0.092	18
ef2fast	iptm_pae	150	0.866	0.009	0.024	16
ef2fast	pae_interface_min	150	2.799	0.458	1.168	8
ef2fast	pae_interface_mean	150	8.990	0.673	1.681	11
ef2fast	plddt_binder	150	85.276	0.636	1.529	10
ef2full	ipsae_min	150	0.432	0.050	0.124	19
ef2full	iptm_pae	150	0.888	0.014	0.034	23
ef2full	pae_interface_min	150	1.602	0.375	0.910	7
ef2full	pae_interface_mean	150	8.429	0.607	1.451	10
ef2full	plddt_binder	150	84.715	0.765	1.934	14
odde	ipsae_min	150	0.366	0.007	0.017	4
odde	iptm_pae	150	0.898	0.002	0.005	2
odde	pae_interface_min	150	0.985	0.019	0.050	1
odde	pae_interface_mean	150	8.424	0.105	0.256	2
odde	plddt_binder	150	93.857	0.104	0.252	2
of3	ipsae_min	150	0.141	0.049	0.122	19
of3	iptm_pae	150	0.655	0.048	0.116	19
of3	pae_interface_min	150	5.014	1.835	4.434	25
of3	pae_interface_mean	150	12.313	1.325	3.244	16
of3	plddt_binder	150	87.032	1.755	4.321	19
ptxv2	ipsae_min	150	0.600	0.055	0.134	23
ptxv2	iptm_pae	150	0.882	0.022	0.055	20
ptxv2	pae_interface_min	150	0.745	0.058	0.140	3
ptxv2	pae_interface_mean	150	7.017	0.497	1.153	14
ptxv2	plddt_binder	150	94.492	0.395	0.956	11
rf3	ipsae_min	150	0.000	0.000	0.000	0
rf3	iptm_pae	150	0.623	0.004	0.011	12
rf3	pae_interface_min	150	10.887	0.193	0.480	3
rf3	pae_interface_mean	150	18.100	0.127	0.304	3
rf3	plddt_binder	150	79.439	0.041	0.103	3
