file	product	n_sites	n_moved	ceiling	verdict	n_implausible	n_no_partner
tnfa_corrected_0_s2_seed42_sample_48	0.6348	79	7	6309573444.8	ok	0	6
tnfa_corrected_10_s1_seed42_sample_49	2.5339	75	5	10000000.0	ok	0	3
tnfa_corrected_11_s1_seed42_sample_50	4.7515	74	3	15848.93	ok	0	2
tnfa_corrected_12_s2_seed42_sample_51	167.3249	80	5	10000000.0	ok	0	5
tnfa_corrected_13_s2_seed42_sample_52	103.0188	71	4	398107.17	ok	1	3
tnfa_corrected_14_s2_seed42_sample_53	0.778	75	4	398107.17	ok	0	4
tnfa_corrected_15_s2_seed42_sample_54	1.9871	67	3	15848.93	ok	0	2
tnfa_corrected_16_s2_seed42_sample_55	0.6537	70	4	398107.17	ok	0	3
tnfa_corrected_17_s1_seed42_sample_56	0.3346	75	6	251188643.15	ok	0	4
tnfa_corrected_18_s1_seed42_sample_57	6.2354	70	6	251188643.15	ok	0	3
tnfa_corrected_19_s1_seed42_sample_58	1.0789	75	8	158489319246.11	ok	0	8
tnfa_corrected_1_s2_seed42_sample_59	1.9979	70	2	630.96	ok	0	1
tnfa_corrected_20_s2_seed42_sample_60	52.1401	74	5	10000000.0	ok	0	4
tnfa_corrected_21_s1_seed42_sample_61	0.7646	66	4	398107.17	ok	0	3
tnfa_corrected_22_s1_seed42_sample_62	0.9385	75	1	25.12	ok	0	1
tnfa_corrected_23_s1_seed42_sample_63	4.5188	66	5	10000000.0	ok	0	4
tnfa_corrected_25_s1_seed42_sample_64	3.5056	66	2	630.96	ok	0	1
tnfa_corrected_26_s1_seed42_sample_65	4.4221	77	7	6309573444.8	ok	0	6
tnfa_corrected_27_s1_seed42_sample_66	2.0481	75	7	6309573444.8	ok	0	2
tnfa_corrected_28_s2_seed42_sample_67	1.5012	68	6	251188643.15	ok	0	6
tnfa_corrected_29_s2_seed42_sample_68	3.7389	76	8	158489319246.11	ok	0	6
tnfa_corrected_2_s1_seed42_sample_69	0.3593	72	2	630.96	ok	0	2
tnfa_corrected_30_s1_seed42_sample_70	0.1492	75	4	398107.17	ok	0	3
tnfa_corrected_32_s2_seed42_sample_71	2.2112	73	5	10000000.0	ok	0	2
tnfa_corrected_33_s2_seed42_sample_72	67.3352	75	7	6309573444.8	ok	0	6
tnfa_corrected_34_s2_seed42_sample_73	0.1336	75	5	10000000.0	ok	0	5
tnfa_corrected_35_s2_seed42_sample_74	0.6196	72	6	251188643.15	ok	0	2
tnfa_corrected_36_s1_seed42_sample_75	0.5977	74	7	6309573444.8	ok	0	6
tnfa_corrected_37_s1_seed42_sample_76	0.3655	69	4	398107.17	ok	0	2
tnfa_corrected_38_s2_seed42_sample_77	173.3271	82	9	3981071705535.0	ok	1	7
tnfa_corrected_39_s2_seed42_sample_78	0.5478	74	3	15848.93	ok	0	1
tnfa_corrected_3_s1_seed42_sample_79	17.6895	78	5	10000000.0	ok	0	2
tnfa_corrected_40_s2_seed42_sample_80	5251.0109	76	8	158489319246.11	ok	0	7
tnfa_corrected_41_s2_seed42_sample_81	3.7401	72	4	398107.17	ok	0	3
tnfa_corrected_42_s1_seed42_sample_82	0.275	73	7	6309573444.8	ok	1	2
tnfa_corrected_43_s1_seed42_sample_83	1.3646	68	1	25.12	ok	0	0
tnfa_corrected_44_s1_seed42_sample_84	0.7393	70	3	15848.93	ok	0	2
tnfa_corrected_45_s2_seed42_sample_85	1.4773	77	3	15848.93	ok	0	1
tnfa_corrected_46_s2_seed42_sample_86	130.8027	66	4	398107.17	ok	0	3
tnfa_corrected_47_s1_seed42_sample_87	130.4603	73	6	251188643.15	ok	0	4
tnfa_corrected_48_s1_seed42_sample_88	1.5494	73	5	10000000.0	ok	0	3
tnfa_corrected_49_s1_seed42_sample_89	2.237	68	4	398107.17	ok	0	3
tnfa_corrected_4_s2_seed42_sample_90	301.9531	67	6	251188643.15	ok	1	3
tnfa_corrected_5_s1_seed42_sample_91	3.3173	71	3	15848.93	ok	0	1
tnfa_corrected_6_s2_seed42_sample_92	2.0854	76	5	10000000.0	ok	0	4
tnfa_corrected_7_s1_seed42_sample_93	0.0744	73	3	15848.93	ok	0	3
tnfa_corrected_8_s1_seed42_sample_94	2.3027	71	4	398107.17	ok	0	2
tnfa_corrected_9_s1_seed42_sample_95	0.3012	71	4	398107.17	ok	0	2
