design	design_mean	null_mean	margin	design_min	null_min
tnfa_corrected_22_s1	8.8618	14.8889	6.0270	0.6226	0.7314
tnfa_corrected_30_s1	8.9829	14.7970	5.8141	0.6071	0.7593
tnfa_corrected_3_s1	10.0302	14.8066	4.7764	0.6622	0.8157
tnfa_corrected_43_s1	10.0817	14.7925	4.7108	0.6431	0.7830
tnfa_corrected_18_s1	11.1343	14.9989	3.8646	0.6766	0.7159
tnfa_corrected_11_s1	11.1412	14.7254	3.5841	0.6472	0.6829
tnfa_corrected_48_s1	14.6568	18.1835	3.5266	0.7667	1.0896
tnfa_corrected_45_s2	10.8522	14.2771	3.4249	0.6212	0.6334
tnfa_corrected_49_s1	11.7983	14.8141	3.0157	0.6562	0.9089
tnfa_corrected_46_s2	14.6273	16.6269	1.9996	0.7032	2.2018
tnfa_corrected_42_s1	13.1503	14.8168	1.6665	0.6707	0.7440
tnfa_corrected_5_s1	14.0026	14.9301	0.9274	0.7531	0.9317
tnfa_corrected_35_s2	13.9171	14.6907	0.7735	0.7661	0.7527
tnfa_corrected_27_s1	14.1759	14.8474	0.6715	0.7443	0.7386
tnfa_corrected_9_s1	14.3239	14.9704	0.6465	0.7197	0.7461
tnfa_corrected_15_s2	14.0207	14.5897	0.5690	0.7033	0.7432
tnfa_corrected_19_s1	14.1226	14.6349	0.5123	0.7353	0.7079
tnfa_corrected_21_s1	14.0804	14.5607	0.4804	0.7551	0.8660
tnfa_corrected_1_s2	14.2247	14.6790	0.4543	0.7136	0.7053
tnfa_corrected_16_s2	14.3214	14.7699	0.4485	0.7244	0.7965
tnfa_corrected_2_s1	14.2290	14.6641	0.4351	0.6907	0.7294
tnfa_corrected_32_s2	14.3581	14.7866	0.4284	0.7121	0.6764
tnfa_corrected_0_s2	14.5713	14.9678	0.3965	0.7481	0.7303
tnfa_corrected_6_s2	14.4941	14.8343	0.3402	0.7387	0.7545
tnfa_corrected_7_s1	14.5966	14.8962	0.2996	0.7669	0.7031
tnfa_corrected_23_s1	14.4161	14.6588	0.2427	0.7829	0.9854
tnfa_corrected_39_s2	14.6638	14.8470	0.1831	0.7276	0.7231
tnfa_corrected_17_s1	14.3112	14.4403	0.1291	0.7195	0.6408
tnfa_corrected_13_s2	14.4726	14.5945	0.1219	0.6929	0.7919
tnfa_corrected_28_s2	14.4133	14.5230	0.1098	0.7199	0.8747
tnfa_corrected_40_s2	14.7016	14.7696	0.0680	0.7426	0.7378
tnfa_corrected_36_s1	14.3485	14.4123	0.0638	0.7242	0.6363
tnfa_corrected_41_s2	14.6970	14.6865	-0.0105	0.7466	0.8554
tnfa_corrected_10_s1	14.8167	14.7517	-0.0650	0.7127	0.6777
tnfa_corrected_25_s1	14.5661	14.4610	-0.1050	0.7093	0.7745
tnfa_corrected_47_s1	14.7932	14.6880	-0.1052	0.7000	0.6647
tnfa_corrected_44_s1	14.6600	14.5389	-0.1211	0.6773	0.8764
tnfa_corrected_12_s2	15.0717	14.9409	-0.1308	0.7257	0.6947
tnfa_corrected_20_s2	14.8470	14.6595	-0.1875	0.6877	0.6792
tnfa_corrected_4_s2	14.6983	14.4387	-0.2596	0.7161	0.8784
tnfa_corrected_14_s2	14.7123	14.4296	-0.2828	0.6862	0.7874
tnfa_corrected_34_s2	14.7881	14.4582	-0.3298	0.6432	0.8848
tnfa_corrected_29_s2	14.9012	14.4870	-0.4141	0.6959	0.6497
tnfa_corrected_8_s1	14.2802	13.8166	-0.4637	0.6943	0.7387
tnfa_corrected_37_s1	14.3656	13.8742	-0.4914	0.7153	0.9408
tnfa_corrected_38_s2	14.9463	14.4488	-0.4975	0.7070	0.6628
tnfa_corrected_26_s1	14.8040	13.2576	-1.5464	0.6965	0.6352
tnfa_corrected_33_s2	14.1032	12.3714	-1.7318	0.6809	0.7952
