design	sc_dockq	fnat	lrms	irms	margin
tnfa_corrected_27_s1	0.0865	0.0000	15.0343	11.3240	0.6715
tnfa_corrected_39_s2	0.0599	0.0000	19.1687	11.9954	0.1831
tnfa_corrected_35_s2	0.0581	0.0000	19.4704	12.4792	0.7735
tnfa_corrected_6_s2	0.0481	0.0000	21.2953	18.2232	0.3402
tnfa_corrected_48_s1	0.0463	0.0000	21.7047	19.5454	3.5266
tnfa_corrected_42_s1	0.0421	0.0000	24.0248	12.1103	1.6665
tnfa_corrected_9_s1	0.0378	0.0000	24.9839	15.1240	0.6465
tnfa_corrected_36_s1	0.0369	0.0000	24.9900	17.6718	0.0638
tnfa_corrected_26_s1	0.0367	0.0000	24.9542	19.2206	-1.5464
tnfa_corrected_10_s1	0.0356	0.0000	25.3743	19.6459	-0.0650
tnfa_corrected_46_s2	0.0334	0.0263	31.1503	22.0087	1.9996
tnfa_corrected_0_s2	0.0323	0.0000	27.7795	14.0774	0.3965
tnfa_corrected_29_s2	0.0291	0.0000	29.0365	16.1892	-0.4141
tnfa_corrected_38_s2	0.0284	0.0000	29.9503	14.4121	-0.4975
tnfa_corrected_40_s2	0.0280	0.0000	29.3072	18.5050	0.0680
tnfa_corrected_14_s2	0.0276	0.0000	29.2463	21.0826	-0.2828
tnfa_corrected_15_s2	0.0269	0.0000	30.4349	16.3038	0.5690
tnfa_corrected_7_s1	0.0268	0.0000	29.8486	20.3339	0.2996
tnfa_corrected_8_s1	0.0267	0.0000	29.9187	20.4828	-0.4637
tnfa_corrected_43_s1	0.0257	0.0000	30.3282	22.5164	4.7108
tnfa_corrected_34_s2	0.0245	0.0000	31.6393	19.1037	-0.3298
tnfa_corrected_19_s1	0.0243	0.0000	31.5164	20.8205	0.5123
tnfa_corrected_44_s1	0.0243	0.0000	31.0831	26.5507	-0.1211
tnfa_corrected_32_s2	0.0233	0.0000	32.0234	23.3310	0.4284
tnfa_corrected_47_s1	0.0233	0.0000	31.8455	25.7317	-0.1052
tnfa_corrected_16_s2	0.0227	0.0000	32.3238	25.1850	0.4485
tnfa_corrected_13_s2	0.0227	0.0000	32.2777	26.0029	0.1219
tnfa_corrected_5_s1	0.0215	0.0000	33.7524	21.3115	0.9274
tnfa_corrected_21_s1	0.0209	0.0000	34.3730	21.3034	0.4804
tnfa_corrected_1_s2	0.0194	0.0000	35.3071	25.5655	0.4543
tnfa_corrected_28_s2	0.0192	0.0000	35.1168	32.2082	0.1098
tnfa_corrected_22_s1	0.0185	0.0000	37.3697	18.9607	6.0270
tnfa_corrected_12_s2	0.0183	0.0000	36.7645	23.4448	-0.1308
tnfa_corrected_33_s2	0.0155	0.0000	40.6590	21.8263	-1.7318
tnfa_corrected_2_s1	0.0146	0.0000	40.6815	32.7110	0.4351
tnfa_corrected_49_s1	0.0146	0.0000	41.7920	23.4814	3.0157
tnfa_corrected_3_s1	0.0142	0.0000	42.3437	24.4647	4.7764
tnfa_corrected_18_s1	0.0131	0.0000	43.5799	28.5962	3.8646
tnfa_corrected_41_s2	0.0127	0.0000	43.6884	35.6049	-0.0105
tnfa_corrected_45_s2	0.0081	0.0000	56.1916	35.3624	3.4249
