molecule	klass	hu_med	hu_max	hu_dead	hu_n	mo_med	mo_max	mo_dead	mo_n
CDRDECOY_vhh_2	cdr_decoy_presumed_neg	0.0117	0.0127	1	5	0.0126	0.1809	1	5
CDRDECOY_vhh_1	cdr_decoy_presumed_neg	0.0	0.0	5	5	0.0	0.012	4	5
CDRDECOY_vhh_3	cdr_decoy_presumed_neg	0.0	0.0386	4	5	0.0	0.0	5	5
CDRDECOY_vhh_4	cdr_decoy_presumed_neg	0.0	0.0	5	5	0.0	0.0	5	5
EXPPOS_Human_EGF	measured_binder	0.3549	0.3585	0	5	0.37	0.3802	0	5
EXPNEG_gitter-yolo10	measured_nonbinder	0.5893	0.6416	0	5	0.0	0.0	5	5
EXPNEG_gitter-yolo9	measured_nonbinder	0.4326	0.608	2	5	0.0	0.0	5	5
EXPNEG_deepsatflow-design7_n0_mpnn1.320_p	measured_nonbinder	0.2168	0.2839	0	5	0.1823	0.2419	0	5
EXPNEG_gitter-yolo5	measured_nonbinder	0.0264	0.0905	1	5	0.0108	0.1672	2	5
EXPNEG_gitter-yolo4	measured_nonbinder	0.0109	0.0113	1	5	0.0	0.0101	4	5
EXPNEG_gitter-yolo3	measured_nonbinder	0.0	0.0	5	5	0.0121	0.1541	2	5
EXPNEG_gitter-yolo7	measured_nonbinder	0.0	0.0	5	5	0.0	0.0	5	5
EXPNEG_gitter-yolo8	measured_nonbinder	0.0	0.011	4	5	0.0	0.0	5	5
EXPNEG_gitter-yolo2	measured_nonbinder	0.0	0.0	5	5	0.0	0.0	5	5
EXPNEG_gitter-yolo6	measured_nonbinder	0.0	0.0	5	5	0.0	0.0	5	5
SHUF_bg04_r03_boltzgen_egfr_d3__r1	shuffle_null	0.0	0.0	5	5	0.0	0.0	5	5
SHUF_cf_short120_r031_boltzgen__r2	shuffle_null	0.0	0.0	5	5	0.0	0.0	5	5
SHUF_d2d_101_l133_s154858_mpnn9_r3	shuffle_null	0.0	0.0	5	5	0.0	0.0	5	5
SHUF_bg04_r03_boltzgen_egfr_d3__r2	shuffle_null	0.0	0.0	5	5	0.0	0.0	5	5
SHUF_cf_short120_r031_boltzgen__r3	shuffle_null	0.0	0.0	5	5	0.0	0.0	5	5
SHUF_rimA01_r15_boltzgen_egfr_d_r1	shuffle_null	0.0	0.0	5	5	0.0	0.0	5	5
SHUF_bg04_r03_boltzgen_egfr_d3__r3	shuffle_null	0.0	0.0	5	5	0.0	0.0	5	5
SHUF_d2d_101_l133_s154858_mpnn9_r1	shuffle_null	0.0	0.0	5	5	0.0	0.0	5	5
SHUF_rimA01_r15_boltzgen_egfr_d_r2	shuffle_null	0.0	0.0	5	5	0.0	0.0	5	5
SHUF_cf_short120_r031_boltzgen__r1	shuffle_null	0.0	0.0	5	5	0.0	0.0	5	5
SHUF_d2d_101_l133_s154858_mpnn9_r2	shuffle_null	0.0	0.0	5	5	0.0	0.0	5	5
SHUF_rimA01_r15_boltzgen_egfr_d_r3	shuffle_null	0.0	0.0	5	5	0.0	0.0	5	5
