name	aa	cys	pI	z74	z65	dz	gravy	hrun	pb	deamid	sequon	flags
hr01_bg01_r02	155	0	4.091750016017484	-15.128336231471842	-14.911132946046552	0.2172032854252901	0.1961290322580645	6	0	2	0	HYDROPHOBIC-RUN
hr02_bg02_r01	156	0	4.481453512351603	-8.094183010147937	-7.6728485967622415	0.4213344133856953	0.18076923076923074	6	0	0	0	HYDROPHOBIC-RUN
hr03_bg03_r04	156	0	5.513621636558936	-3.0105707819972114	-2.1749612685753434	0.835609513421868	-0.008974358974358939	4	0	3	0	clean
hr04_bg04_r01	155	1	4.080738877898076	-16.270919180563748	-15.926697822575942	0.34422135798780573	0.15290322580645163	6	1	1	0	ODD-CYS,HYDROPHOBIC-RUN,POLYBASIC
hr05_bg04_r03	159	1	4.3325145592661425	-11.234962530483362	-10.682189686907908	0.552772843575454	0.20440251572327045	8	2	3	0	ODD-CYS,HYDROPHOBIC-RUN,POLYBASIC
hr06_bg04_r05	150	0	4.573876720300628	-6.055641045966025	-5.444939503975349	0.6107015419906761	0.050000000000000086	6	0	2	0	HYDROPHOBIC-RUN
hr07_rimA01_r01	159	0	4.770286846979671	-8.008893108450145	-7.135745179322035	0.8731479291281108	-0.25723270440251583	6	0	0	0	HYDROPHOBIC-RUN
hr08_rimA01_r02	160	1	4.126163783050794	-16.229090137562043	-15.670409898237667	0.5586802393243762	0.015000000000000024	5	0	2	0	ODD-CYS
hr09_rimA01_r05	159	0	4.168380605780797	-12.12974059072488	-11.923526793184235	0.20621379754064506	0.18930817610062897	5	0	0	1	clean
hr10_rimA02_r01	159	0	4.642851700832116	-7.049506751599127	-6.417602717281971	0.6319040343171558	0.41069182389937076	6	0	1	1	HYDROPHOBIC-RUN
hr11_rimB01_r01	149	1	4.584604376039863	-5.196195662105981	-4.478686121424376	0.717509540681605	0.05637583892617456	4	0	3	1	ODD-CYS
hr12_rimB02_r01	157	0	4.308082995078932	-14.044902921905077	-13.386592283750337	0.6583106381547399	-0.13821656050955414	5	0	1	0	clean
hr13_rimB02_r02	153	0	4.315089140885215	-13.092920613384546	-12.64472487574245	0.44819573764209686	-0.13725490196078427	6	0	2	0	HYDROPHOBIC-RUN
hr14_mechAd4_01_r01	156	0	4.169689819734442	-11.136600911051437	-10.932853422294016	0.20374748875742021	0.1852564102564103	5	0	3	1	clean
hr15_mechA01_r01	158	0	3.968508054219754	-11.136755156543376	-10.95119827924622	0.18555687729715586	0.02911392405063291	3	0	3	0	clean
hr16_mechA01_r02	152	1	4.488615796994168	-5.285927628989026	-4.978297588984883	0.3076300400041436	0.006578947368421073	4	0	5	1	ODD-CYS
hr17_d2c_101_l147_s144898_mpnn13	147	0	4.336952550196537	-14.055086931413651	-13.381878697485066	0.6732082339285856	-0.5000000000000001	5	0	1	1	clean
hr18_d2d_101_l133_s154858_mpnn9	133	0	4.500159508171155	-9.094897495500346	-8.656013908769854	0.4388835867304923	-0.35563909774436087	3	0	0	0	clean
hr19_d2d_101_l120_s869126_mpnn1	120	0	4.513020053501592	-10.9714915582454	-9.894697762450122	1.076793795795279	-0.6300000000000003	3	0	3	0	clean
hr20_d2d_101_l120_s869126_mpnn5	120	0	4.858904933095911	-7.928059556048404	-6.646894062376459	1.2811654936719448	-0.524166666666667	3	0	2	0	clean
