design	chain	nres	best_qtm	best_target	best_fident	passes_struct	passes_seq	passes
analysis/01-egfr/bg-designs/binder/bg01_r01_boltzgen_egfr_d3_27.pdb	A	158	0.6529	7cbc-assembly2_B	0.1310	False	True	False
analysis/01-egfr/bg-designs/binder/bg01_r02_boltzgen_egfr_d3_22.pdb	A	155	0.6724	3sn6-assembly1_A	0.1430	False	True	False
analysis/01-egfr/bg-designs/binder/bg01_r03_boltzgen_egfr_d3_08.pdb	A	151	0.6712	4b5z-assembly1_A	0.3160	False	False	False
analysis/01-egfr/bg-designs/binder/bg01_r04_boltzgen_egfr_d3_35.pdb	A	135	0.9073	6ey6-assembly1_J	0.7330	False	False	False
analysis/01-egfr/bg-designs/binder/bg01_r05_boltzgen_egfr_d3_21.pdb	A	158	0.6318	7qx5-assembly1_A	0.1370	False	True	False
analysis/01-egfr/bg-designs/binder/bg01_r06_boltzgen_egfr_d3_39.pdb	A	128	0.9511	9g7k-assembly1_D	0.7230	False	False	False
analysis/01-egfr/bg-designs/binder/bg01_r07_boltzgen_egfr_d3_47.pdb	A	123	0.9761	6waq-assembly2_C	0.7780	False	False	False
analysis/01-egfr/bg-designs/binder/bg01_r08_boltzgen_egfr_d3_58.pdb	A	131	0.9416	5lhq-assembly1_B	0.7550	False	False	False
analysis/01-egfr/bg-designs/binder/bg01_r09_boltzgen_egfr_d3_10.pdb	A	120	0.9800	7t86-assembly3_D	0.8420	False	False	False
analysis/01-egfr/bg-designs/binder/bg01_r10_boltzgen_egfr_d3_29.pdb	A	130	0.9499	8ybo-assembly2_D	0.7760	False	False	False
analysis/01-egfr/bg-designs/binder/bg01_r11_boltzgen_egfr_d3_31.pdb	A	128	0.9426	8d47-assembly1_H	0.7650	False	False	False
analysis/01-egfr/bg-designs/binder/bg01_r12_boltzgen_egfr_d3_05.pdb	A	123	0.9734	6zwk-assembly6_F	0.8160	False	False	False
analysis/01-egfr/bg-designs/binder/bg01_r13_boltzgen_egfr_d3_11.pdb	A	136	0.9013	7na9-assembly1_D	0.7330	False	False	False
analysis/01-egfr/bg-designs/binder/bg01_r14_boltzgen_egfr_d3_57.pdb	A	129	0.9075	9g7k-assembly1_D	0.7510	False	False	False
analysis/01-egfr/bg-designs/binder/bg01_r15_boltzgen_egfr_d3_30.pdb	A	160	0.6189	7ba2-assembly1_A	0.1530	False	True	False
analysis/01-egfr/bg-designs/binder/bg01_r16_boltzgen_egfr_d3_46.pdb	A	121	0.9466	7xic-assembly1_E	0.7760	False	False	False
analysis/01-egfr/bg-designs/binder/bg01_r17_boltzgen_egfr_d3_15.pdb	A	134	0.9203	8cyj-assembly1_C	0.7530	False	False	False
analysis/01-egfr/bg-designs/binder/bg01_r18_boltzgen_egfr_d3_17.pdb	A	127	0.9602	9g7k-assembly1_D	0.8260	False	False	False
analysis/01-egfr/bg-designs/binder/bg01_r19_boltzgen_egfr_d3_00.pdb	A	142	0.8821	5lhq-assembly1_B	0.7020	False	False	False
analysis/01-egfr/bg-designs/binder/bg01_r20_boltzgen_egfr_d3_03.pdb	A	139	0.9013	5lhq-assembly1_B	0.7240	False	False	False
analysis/01-egfr/bg-designs/binder/bg01_r21_boltzgen_egfr_d3_51.pdb	A	136	0.8987	9g7k-assembly1_D	0.6690	False	False	False
analysis/01-egfr/bg-designs/binder/bg01_r22_boltzgen_egfr_d3_23.pdb	A	130	0.9514	7na9-assembly1_D	0.7760	False	False	False
analysis/01-egfr/bg-designs/binder/bg01_r23_boltzgen_egfr_d3_02.pdb	A	156	0.9937	5ma4-assembly1_A	0.7520	False	False	False
analysis/01-egfr/bg-designs/binder/bg01_r24_boltzgen_egfr_d3_13.pdb	A	120	0.9737	6t2j-assembly1_A	0.8160	False	False	False
analysis/01-egfr/bg-designs/binder/bg01_r25_boltzgen_egfr_d3_28.pdb	A	131	0.9281	8ybo-assembly2_D	0.7700	False	False	False
analysis/01-egfr/bg-designs/binder/bg01_r26_boltzgen_egfr_d3_24.pdb	A	123	0.9609	8c67-assembly1_H	0.8040	False	False	False
analysis/01-egfr/bg-designs/binder/bg01_r27_boltzgen_egfr_d3_32.pdb	A	148	0.6357	4ofq-assembly2_B	0.2580	False	True	False
analysis/01-egfr/bg-designs/binder/bg01_r28_boltzgen_egfr_d3_20.pdb	A	135	0.9247	9g7k-assembly1_D	0.7460	False	False	False
analysis/01-egfr/bg-designs/binder/bg01_r29_boltzgen_egfr_d3_14.pdb	A	144	0.9116	5bk3-assembly2_A	0.7460	False	False	False
analysis/01-egfr/bg-designs/binder/bg01_r30_boltzgen_egfr_d3_41.pdb	A	136	0.9192	9g7k-assembly1_D	0.6910	False	False	False
analysis/01-egfr/bg-designs/binder/bg02_r01_boltzgen_egfr_d3_11.pdb	A	156	0.6156	3la6-assembly1_H	0.1220	False	True	False
analysis/01-egfr/bg-designs/binder/bg02_r02_boltzgen_egfr_d3_21.pdb	A	149	0.6997	7wwo-assembly1_A	0.2570	False	True	False
analysis/01-egfr/bg-designs/binder/bg02_r03_boltzgen_egfr_d3_29.pdb	A	152	0.6146	7k6v-assembly1_EC	0.1570	False	True	False
analysis/01-egfr/bg-designs/binder/bg02_r04_boltzgen_egfr_d3_04.pdb	A	142	0.8857	9g7k-assembly1_D	0.7420	False	False	False
analysis/01-egfr/bg-designs/binder/bg02_r05_boltzgen_egfr_d3_09.pdb	A	138	0.8788	9g7k-assembly1_D	0.7330	False	False	False
analysis/01-egfr/bg-designs/binder/bg02_r06_boltzgen_egfr_d3_55.pdb	A	127	0.9395	6rnk-assembly1_B	0.7690	False	False	False
analysis/01-egfr/bg-designs/binder/bg02_r07_boltzgen_egfr_d3_14.pdb	A	124	0.9687	7na9-assembly1_D	0.7960	False	False	False
analysis/01-egfr/bg-designs/binder/bg02_r08_boltzgen_egfr_d3_06.pdb	A	160	0.6713	1krm-assembly1_A	0.1650	False	True	False
analysis/01-egfr/bg-designs/binder/bg02_r09_boltzgen_egfr_d3_52.pdb	A	148	0.5682	6kxu-assembly2_B	0.1390	False	True	False
analysis/01-egfr/bg-designs/binder/bg02_r10_boltzgen_egfr_d3_33.pdb	A	126	0.9585	7na9-assembly1_D	0.7790	False	False	False
analysis/01-egfr/bg-designs/binder/bg02_r11_boltzgen_egfr_d3_39.pdb	A	130	0.9345	9g7k-assembly1_D	0.7630	False	False	False
analysis/01-egfr/bg-designs/binder/bg02_r12_boltzgen_egfr_d3_51.pdb	A	131	0.9257	9g7k-assembly1_D	0.7170	False	False	False
analysis/01-egfr/bg-designs/binder/bg02_r13_boltzgen_egfr_d3_42.pdb	A	120	0.9784	5odb-assembly1_A	0.8250	False	False	False
analysis/01-egfr/bg-designs/binder/bg02_r14_boltzgen_egfr_d3_08.pdb	A	134	0.9398	5lhq-assembly1_B	0.7530	False	False	False
analysis/01-egfr/bg-designs/binder/bg02_r15_boltzgen_egfr_d3_22.pdb	A	139	0.9003	5lhq-assembly1_B	0.7240	False	False	False
analysis/01-egfr/bg-designs/binder/bg02_r16_boltzgen_egfr_d3_13.pdb	A	124	0.9641	1w72-assembly2_I	0.8080	False	False	False
analysis/01-egfr/bg-designs/binder/bg02_r17_boltzgen_egfr_d3_20.pdb	A	129	0.9580	5lhq-assembly1_B	0.8060	False	False	False
analysis/01-egfr/bg-designs/binder/bg02_r18_boltzgen_egfr_d3_10.pdb	A	132	0.9405	5lhq-assembly1_B	0.7500	False	False	False
analysis/01-egfr/bg-designs/binder/bg02_r19_boltzgen_egfr_d3_18.pdb	A	124	0.9732	8t7r-assembly1_Z	0.8220	False	False	False
analysis/01-egfr/bg-designs/binder/bg02_r20_boltzgen_egfr_d3_24.pdb	A	150	0.6585	7wwo-assembly1_A	0.2290	False	True	False
analysis/01-egfr/bg-designs/binder/bg02_r21_boltzgen_egfr_d3_02.pdb	A	137	0.9049	5lhq-assembly1_B	0.7130	False	False	False
analysis/01-egfr/bg-designs/binder/bg02_r22_boltzgen_egfr_d3_00.pdb	A	155	0.6808	6akt-assembly1_C	0.1240	False	True	False
analysis/01-egfr/bg-designs/binder/bg02_r23_boltzgen_egfr_d3_37.pdb	A	144	0.8646	7na9-assembly1_D	0.7140	False	False	False
analysis/01-egfr/bg-designs/binder/bg02_r24_boltzgen_egfr_d3_38.pdb	A	131	0.9345	9g7k-assembly1_D	0.7550	False	False	False
analysis/01-egfr/bg-designs/binder/bg02_r25_boltzgen_egfr_d3_01.pdb	A	130	0.9348	6ey6-assembly1_J	0.7610	False	False	False
analysis/01-egfr/bg-designs/binder/bg02_r26_boltzgen_egfr_d3_46.pdb	A	122	0.9550	6rnk-assembly1_B	0.7250	False	False	False
analysis/01-egfr/bg-designs/binder/bg02_r27_boltzgen_egfr_d3_44.pdb	A	141	0.6356	8ezk-assembly2_I	0.4430	False	False	False
analysis/01-egfr/bg-designs/binder/bg02_r28_boltzgen_egfr_d3_16.pdb	A	139	0.8752	6j9o-assembly1_H	0.7330	False	False	False
analysis/01-egfr/bg-designs/binder/bg02_r29_boltzgen_egfr_d3_41.pdb	A	136	0.9146	7na9-assembly1_D	0.7200	False	False	False
analysis/01-egfr/bg-designs/binder/bg02_r30_boltzgen_egfr_d3_03.pdb	A	139	0.9210	7phw-assembly2_E	0.7390	False	False	False
analysis/01-egfr/bg-designs/binder/bg03_r01_boltzgen_egfr_d3_05.pdb	A	137	0.9036	9g7k-assembly1_D	0.6930	False	False	False
analysis/01-egfr/bg-designs/binder/bg03_r02_boltzgen_egfr_d3_57.pdb	A	126	0.9563	8ybo-assembly2_D	0.8330	False	False	False
analysis/01-egfr/bg-designs/binder/bg03_r03_boltzgen_egfr_d3_08.pdb	A	130	0.9474	9g7k-assembly1_D	0.7760	False	False	False
analysis/01-egfr/bg-designs/binder/bg03_r04_boltzgen_egfr_d3_17.pdb	A	156	0.7010	4do7-assembly2_B	0.1200	False	True	False
analysis/01-egfr/bg-designs/binder/bg03_r05_boltzgen_egfr_d3_26.pdb	A	136	0.9032	3u46-assembly1_H	0.7270	False	False	False
analysis/01-egfr/bg-designs/binder/bg03_r06_boltzgen_egfr_d3_25.pdb	A	122	0.9663	5nbm-assembly1_F	0.8160	False	False	False
analysis/01-egfr/bg-designs/binder/bg03_r07_boltzgen_egfr_d3_28.pdb	A	157	0.6180	7f5u-assembly1_A	0.1250	False	True	False
analysis/01-egfr/bg-designs/binder/bg03_r08_boltzgen_egfr_d3_21.pdb	A	153	0.7454	8szt-assembly1_D-2	0.1390	False	True	False
analysis/01-egfr/bg-designs/binder/bg03_r09_boltzgen_egfr_d3_31.pdb	A	128	0.9560	6zwk-assembly6_F	0.7630	False	False	False
analysis/01-egfr/bg-designs/binder/bg03_r10_boltzgen_egfr_d3_12.pdb	A	128	0.9527	7na9-assembly1_D	0.7890	False	False	False
analysis/01-egfr/bg-designs/binder/bg03_r11_boltzgen_egfr_d3_15.pdb	A	121	0.9837	6zwk-assembly6_F	0.8330	False	False	False
analysis/01-egfr/bg-designs/binder/bg03_r12_boltzgen_egfr_d3_10.pdb	A	122	0.9795	6zwk-assembly6_F	0.8090	False	False	False
analysis/01-egfr/bg-designs/binder/bg03_r13_boltzgen_egfr_d3_30.pdb	A	147	0.6205	6wzn-assembly1_A	0.3190	False	False	False
analysis/01-egfr/bg-designs/binder/bg03_r14_boltzgen_egfr_d3_03.pdb	A	140	0.8788	9g7k-assembly1_D	0.7280	False	False	False
analysis/01-egfr/bg-designs/binder/bg03_r15_boltzgen_egfr_d3_41.pdb	A	142	0.8436	7na9-assembly1_D	0.6480	False	False	False
analysis/01-egfr/bg-designs/binder/bg03_r16_boltzgen_egfr_d3_02.pdb	A	149	0.8044	6rul-assembly1_A	0.6690	False	False	False
analysis/01-egfr/bg-designs/binder/bg03_r17_boltzgen_egfr_d3_48.pdb	A	139	0.8829	9g7k-assembly1_D	0.6610	False	False	False
analysis/01-egfr/bg-designs/binder/bg03_r18_boltzgen_egfr_d3_37.pdb	A	131	0.9388	9g7k-assembly1_D	0.7630	False	False	False
analysis/01-egfr/bg-designs/binder/bg03_r19_boltzgen_egfr_d3_55.pdb	A	131	0.9387	9g7k-assembly1_D	0.7170	False	False	False
analysis/01-egfr/bg-designs/binder/bg03_r20_boltzgen_egfr_d3_20.pdb	A	144	0.8903	8g8w-assembly1_B	0.7070	False	False	False
analysis/01-egfr/bg-designs/binder/bg03_r21_boltzgen_egfr_d3_59.pdb	A	132	0.9293	5lhq-assembly1_B	0.7570	False	False	False
analysis/01-egfr/bg-designs/binder/bg03_r22_boltzgen_egfr_d3_47.pdb	A	120	0.9771	7djy-assembly1_A	0.8040	False	False	False
analysis/01-egfr/bg-designs/binder/bg03_r23_boltzgen_egfr_d3_27.pdb	A	153	0.8721	6veh-assembly1_A	0.3130	False	False	False
analysis/01-egfr/bg-designs/binder/bg03_r24_boltzgen_egfr_d3_39.pdb	A	123	0.9605	7x2k-assembly1_B	0.8140	False	False	False
analysis/01-egfr/bg-designs/binder/bg03_r25_boltzgen_egfr_d3_11.pdb	A	145	0.8688	4dcq-assembly1_B	0.6410	False	False	False
analysis/01-egfr/bg-designs/binder/bg03_r26_boltzgen_egfr_d3_00.pdb	A	144	0.8660	8s0m-assembly2_V	0.7340	False	False	False
analysis/01-egfr/bg-designs/binder/bg03_r27_boltzgen_egfr_d3_16.pdb	A	125	0.9725	4lgs-assembly1_B	0.8320	False	False	False
analysis/01-egfr/bg-designs/binder/bg03_r28_boltzgen_egfr_d3_09.pdb	A	149	0.6021	6k4z-assembly2_B	0.2130	False	True	False
analysis/01-egfr/bg-designs/binder/bg03_r29_boltzgen_egfr_d3_45.pdb	A	142	0.8279	4fql-assembly1_H	0.6360	False	False	False
analysis/01-egfr/bg-designs/binder/bg03_r30_boltzgen_egfr_d3_04.pdb	A	154	0.6929	3hr6-assembly1_A	0.1480	False	True	False
analysis/01-egfr/bg-designs/binder/bg04_r01_boltzgen_egfr_d3_21.pdb	A	155	0.6852	1wky-assembly1_A	0.1430	False	True	False
analysis/01-egfr/bg-designs/binder/bg04_r02_boltzgen_egfr_d3_29.pdb	A	129	0.9463	5lhq-assembly1_B	0.7820	False	False	False
analysis/01-egfr/bg-designs/binder/bg04_r03_boltzgen_egfr_d3_00.pdb	A	159	0.7114	3e8z-assembly1_C	0.1730	False	True	False
analysis/01-egfr/bg-designs/binder/bg04_r04_boltzgen_egfr_d3_27.pdb	A	154	0.6720	3l77-assembly1_A	0.1330	False	True	False
analysis/01-egfr/bg-designs/binder/bg04_r05_boltzgen_egfr_d3_08.pdb	A	150	0.6669	5yhu-assembly1_A	0.1210	False	True	False
analysis/01-egfr/bg-designs/binder/bg04_r06_boltzgen_egfr_d3_28.pdb	A	148	0.6847	8f9u-assembly1_A	0.5330	False	False	False
analysis/01-egfr/bg-designs/binder/bg04_r07_boltzgen_egfr_d3_01.pdb	A	153	0.7229	7fe6-assembly1_C	0.2270	False	True	False
analysis/01-egfr/bg-designs/binder/bg04_r08_boltzgen_egfr_d3_07.pdb	A	128	0.9448	4lgs-assembly1_B	0.7730	False	False	False
analysis/01-egfr/bg-designs/binder/bg04_r09_boltzgen_egfr_d3_52.pdb	A	128	0.9448	7phw-assembly2_E	0.8200	False	False	False
analysis/01-egfr/bg-designs/binder/bg04_r10_boltzgen_egfr_d3_25.pdb	A	128	0.9628	7kqk-assembly2_H	0.7810	False	False	False
analysis/01-egfr/bg-designs/binder/bg04_r11_boltzgen_egfr_d3_12.pdb	A	122	0.9640	6t2j-assembly1_A	0.8440	False	False	False
analysis/01-egfr/bg-designs/binder/bg04_r12_boltzgen_egfr_d3_15.pdb	A	123	0.9754	6waq-assembly2_C	0.8240	False	False	False
analysis/01-egfr/bg-designs/binder/bg04_r13_boltzgen_egfr_d3_19.pdb	A	154	0.6863	6zns-assembly1_A	0.1450	False	True	False
analysis/01-egfr/bg-designs/binder/bg04_r14_boltzgen_egfr_d3_26.pdb	A	129	0.9564	4tvs-assembly2_b	0.7820	False	False	False
analysis/01-egfr/bg-designs/binder/bg04_r15_boltzgen_egfr_d3_45.pdb	A	130	0.9440	7na9-assembly1_D	0.7590	False	False	False
analysis/01-egfr/bg-designs/binder/bg04_r16_boltzgen_egfr_d3_47.pdb	A	123	0.9622	6zwk-assembly6_F	0.7900	False	False	False
analysis/01-egfr/bg-designs/binder/bg04_r17_boltzgen_egfr_d3_16.pdb	A	129	0.9579	4lgs-assembly1_B	0.7900	False	False	False
analysis/01-egfr/bg-designs/binder/bg04_r18_boltzgen_egfr_d3_06.pdb	A	128	0.9533	6zwk-assembly6_F	0.7730	False	False	False
analysis/01-egfr/bg-designs/binder/bg04_r19_boltzgen_egfr_d3_59.pdb	A	133	0.9178	9g7k-assembly1_D	0.6390	False	False	False
analysis/01-egfr/bg-designs/binder/bg04_r20_boltzgen_egfr_d3_35.pdb	A	135	0.9148	9g7k-assembly1_D	0.6830	False	False	False
analysis/01-egfr/bg-designs/binder/bg04_r21_boltzgen_egfr_d3_56.pdb	A	132	0.8891	4lgs-assembly1_B	0.7270	False	False	False
analysis/01-egfr/bg-designs/binder/bg04_r22_boltzgen_egfr_d3_39.pdb	A	139	0.8892	9g7k-assembly1_D	0.7140	False	False	False
analysis/01-egfr/bg-designs/binder/bg04_r23_boltzgen_egfr_d3_03.pdb	A	124	0.9446	6waq-assembly2_C	0.8380	False	False	False
analysis/01-egfr/bg-designs/binder/bg04_r24_boltzgen_egfr_d3_54.pdb	A	131	0.9228	5lhq-assembly1_B	0.7480	False	False	False
analysis/01-egfr/bg-designs/binder/bg04_r25_boltzgen_egfr_d3_02.pdb	A	132	0.9371	9g7k-assembly1_D	0.7460	False	False	False
analysis/01-egfr/bg-designs/binder/bg04_r26_boltzgen_egfr_d3_09.pdb	A	127	0.9589	6waq-assembly2_C	0.8110	False	False	False
analysis/01-egfr/bg-designs/binder/bg04_r27_boltzgen_egfr_d3_55.pdb	A	123	0.9728	6zwk-assembly6_F	0.7900	False	False	False
analysis/01-egfr/bg-designs/binder/bg04_r28_boltzgen_egfr_d3_10.pdb	A	132	0.9215	4tvs-assembly2_b	0.7800	False	False	False
analysis/01-egfr/bg-designs/binder/bg04_r29_boltzgen_egfr_d3_49.pdb	A	141	0.8089	5n88-assembly2_A	0.5670	False	False	False
analysis/01-egfr/bg-designs/binder/bg04_r30_boltzgen_egfr_d3_32.pdb	A	146	0.6958	5fx8-assembly1_U	0.3520	False	False	False
