design	chain	nres	best_qtm	best_target	best_fident	cov	passes_struct	passes_struct_tmonly	passes_seq	passes
/tmp/nov_bc/bs_full_l58_s176845_mpnn1_model1.pdb	B	58	0.5195	8fbp-assembly1_Q	0.1290	1.0000	False	False	True	False
/tmp/nov_bc/bs_full_l58_s176845_mpnn2_model1.pdb	B	58	0.6342	4adx-assembly1_M	0.1500	1.0000	False	False	True	False
/tmp/nov_bc/bs_full_l61_s571896_mpnn1_model2.pdb	B	61	0.7765	7eni-assembly1_C	0.1520	1.0000	False	False	True	False
/tmp/nov_bc/bs_full_l61_s571896_mpnn2_model1.pdb	B	61	0.7194	5kuy-assembly1_G	0.1200	1.0000	False	False	True	False
/tmp/nov_bc/bs_full_l63_s872701_mpnn1_model2.pdb	B	63	0.6859	7rwz-assembly1_A	0.1400	1.0000	False	False	True	False
/tmp/nov_bc/bs_full_l63_s872701_mpnn2_model1.pdb	B	63	0.7027	7rwz-assembly1_A	0.1330	1.0000	False	False	True	False
/tmp/nov_bc/bs_full_l64_s698408_mpnn1_model2.pdb	B	64	0.6517	5hax-assembly1_A	0.2500	1.0000	False	False	True	False
/tmp/nov_bc/bs_full_l64_s698408_mpnn2_model2.pdb	B	64	0.6756	2iir-assembly1_B	0.1730	1.0000	False	False	True	False
/tmp/nov_bc/bs_full_l65_s243361_mpnn1_model1.pdb	B	65	0.7593	7omm-assembly1_B	0.1720	1.0000	False	False	True	False
/tmp/nov_bc/bs_full_l65_s243361_mpnn2_model2.pdb	B	65	0.7841	1ozb-assembly2_G	0.1420	1.0000	False	False	True	False
/tmp/nov_bc/bs_full_l78_s197875_mpnn1_model2.pdb	B	78	0.7126	5u22-assembly1_A	0.1510	1.0000	False	False	True	False
/tmp/nov_bc/bs_full_l78_s197875_mpnn2_model1.pdb	B	78	0.6964	6zlx-assembly1_A	0.1440	1.0000	False	False	True	False
/tmp/nov_bc/bs_full_l80_s262028_mpnn1_model1.pdb	B	80	0.8197	1pvl-assembly1_A	0.1660	1.0000	False	False	True	False
/tmp/nov_bc/bs_full_l80_s262028_mpnn2_model2.pdb	B	80	0.7966	2lkf-assembly1_A	0.1220	1.0000	False	False	True	False
/tmp/nov_bc/d3acid_l65_s831683_mpnn11_model1.pdb	B	65	0.7393	8qcq-assembly1_o	0.1370	1.0000	False	False	True	False
/tmp/nov_bc/d3acid_l65_s831683_mpnn12_model1.pdb	B	65	0.7244	8qcq-assembly1_o	0.1450	1.0000	False	False	True	False
/tmp/nov_bc/d3acid_l65_s831683_mpnn13_model1.pdb	B	65	0.7413	1qd7-assembly1_H	0.1690	1.0000	False	False	True	False
/tmp/nov_bc/d3acid_l65_s831683_mpnn17_model2.pdb	B	65	0.7303	8qcq-assembly1_o	0.1420	1.0000	False	False	True	False
/tmp/nov_bc/d3acid_l65_s831683_mpnn18_model1.pdb	B	65	0.7442	1qd7-assembly1_H	0.1720	1.0000	False	False	True	False
/tmp/nov_bc/d3acid_l65_s831683_mpnn19_model1.pdb	B	65	0.7401	8qcq-assembly1_o	0.1750	1.0000	False	False	True	False
/tmp/nov_bc/d3acid_l65_s831683_mpnn2_model1.pdb	B	65	0.7353	1qd7-assembly1_H	0.1620	1.0000	False	False	True	False
/tmp/nov_bc/d3acid_l65_s831683_mpnn3_model1.pdb	B	65	0.7199	8fmw-assembly1_O	0.1500	1.0000	False	False	True	False
/tmp/nov_bc/d3acid_l65_s831683_mpnn4_model1.pdb	B	65	0.7424	6zmb-assembly1_B	0.1960	1.0000	False	False	True	False
/tmp/nov_bc/d3acid_l65_s831683_mpnn6_model1.pdb	B	65	0.7230	1qd7-assembly1_H	0.1420	1.0000	False	False	True	False
/tmp/nov_bc/d3acid_l65_s831683_mpnn8_model1.pdb	B	65	0.7330	1qd7-assembly1_H	0.1840	1.0000	False	False	True	False
/tmp/nov_bc/d3acid_l65_s831683_mpnn9_model1.pdb	B	65	0.7503	8qcq-assembly1_o	0.1450	1.0000	False	False	True	False
/tmp/nov_bc/d3acid_l72_s80956_mpnn1_model2.pdb	B	72	0.7094	7bqs-assembly1_A	0.1250	1.0000	False	False	True	False
/tmp/nov_bc/d3acid_l72_s80956_mpnn3_model2.pdb	B	72	0.7149	7bqs-assembly1_A	0.1570	1.0000	False	False	True	False
/tmp/nov_bc/d3acid_l72_s80956_mpnn4_model1.pdb	B	72	0.7229	7bqs-assembly1_A	0.1350	1.0000	False	False	True	False
/tmp/nov_bc/d3acid_l72_s80956_mpnn5_model2.pdb	B	72	0.7198	7bqs-assembly1_A	0.1290	1.0000	False	False	True	False
/tmp/nov_bc/d3acid_l72_s80956_mpnn7_model1.pdb	B	72	0.7151	7bqs-assembly1_A	0.1490	1.0000	False	False	True	False
/tmp/nov_bc/d3acid_l72_s80956_mpnn7_model2.pdb	B	72	0.7166	7bqs-assembly1_A	0.1490	1.0000	False	False	True	False
/tmp/nov_bc/d3acid_l72_s80956.pdb	B	72	0.7029	7bqs-assembly1_A	0.1210	1.0000	False	False	True	False
/tmp/nov_bc/d3acid3_l56_s261878_mpnn14_model2.pdb	B	56	0.8890	4j2c-assembly2_C	0.1720	1.0000	False	False	True	False
/tmp/nov_bc/d3acid3_l60_s632578_mpnn1_model2.pdb	B	60	0.8349	6b87-assembly1_A-2	0.1860	1.0000	False	False	True	False
/tmp/nov_bc/d3acid3_l60_s632578_mpnn2_model2.pdb	B	60	0.8497	6y07-assembly1_A	0.1940	1.0000	False	False	True	False
/tmp/nov_bc/d3acid3_l60_s647537_mpnn1_model1.pdb	B	60	0.7423	2l0i-assembly1_A	0.1420	1.0000	False	False	True	False
/tmp/nov_bc/d3acid3_l60_s647537_mpnn11_model1.pdb	B	60	0.7284	8fom-assembly2_Y2	0.1560	1.0000	False	False	True	False
/tmp/nov_bc/d3acid3_l60_s647537_mpnn12_model2.pdb	B	60	0.7451	2l0i-assembly1_A	0.1710	1.0000	False	False	True	False
/tmp/nov_bc/d3acid3_l60_s647537_mpnn14_model1.pdb	B	60	0.7448	2l0i-assembly1_A	0.1450	1.0000	False	False	True	False
/tmp/nov_bc/d3acid3_l60_s647537_mpnn15_model1.pdb	B	60	0.7428	8fom-assembly2_Y2	0.1290	1.0000	False	False	True	False
/tmp/nov_bc/d3acid3_l60_s647537_mpnn16_model1.pdb	B	60	0.7452	2l0i-assembly1_A	0.1560	1.0000	False	False	True	False
/tmp/nov_bc/d3acid3_l60_s647537_mpnn18_model1.pdb	B	60	0.7363	8fom-assembly2_Y2	0.1830	1.0000	False	False	True	False
/tmp/nov_bc/d3acid3_l60_s647537_mpnn2_model1.pdb	B	60	0.7365	2l0i-assembly1_A	0.1690	1.0000	False	False	True	False
/tmp/nov_bc/d3acid3_l60_s647537_mpnn20_model1.pdb	B	60	0.7439	2l0i-assembly1_A	0.1590	1.0000	False	False	True	False
/tmp/nov_bc/d3acid3_l60_s647537_mpnn3_model2.pdb	B	60	0.7394	2l0i-assembly1_A	0.1270	1.0000	False	False	True	False
/tmp/nov_bc/d3acid3_l60_s647537_mpnn4_model1.pdb	B	60	0.7346	8edm-assembly1_A	0.1450	1.0000	False	False	True	False
/tmp/nov_bc/d3acid3_l60_s647537_mpnn6_model2.pdb	B	60	0.7493	2l0i-assembly1_A	0.1450	1.0000	False	False	True	False
/tmp/nov_bc/d3acid3_l60_s647537_mpnn7_model1.pdb	B	60	0.7306	2l0i-assembly1_A	0.1610	1.0000	False	False	True	False
/tmp/nov_bc/d3acid3_l60_s647537_mpnn8_model1.pdb	B	60	0.7541	8edm-assembly1_A	0.1420	1.0000	False	False	True	False
/tmp/nov_bc/d3acid3_l60_s647537_mpnn9_model1.pdb	B	60	0.7335	2l0i-assembly1_A	0.1830	1.0000	False	False	True	False
/tmp/nov_bc/d3acid3_l62_s374266_mpnn5_model1.pdb	B	62	0.8548	7uq2-assembly1_E	0.1830	1.0000	False	False	True	False
/tmp/nov_bc/d3acid3_l65_s360518_mpnn9_model1.pdb	B	65	0.7867	3iq1-assembly1_B	0.1330	1.0000	False	False	True	False
/tmp/nov_bc/d3acid3_l66_s450708_mpnn1_model2.pdb	B	66	0.8957	8e0o-assembly1_A	0.2000	1.0000	False	False	True	False
/tmp/nov_bc/d3acid3_l66_s450708_mpnn3_model2.pdb	B	66	0.8945	8e0l-assembly1_C	0.2140	1.0000	False	False	True	False
/tmp/nov_bc/d3acid3_l66_s450708_mpnn5_model2.pdb	B	66	0.9243	8e0o-assembly1_A	0.2180	1.0000	False	False	True	False
/tmp/nov_bc/d3acid3_l79_s997523_mpnn2_model1.pdb	B	79	0.6745	5tjg-assembly1_F	0.1210	1.0000	False	False	True	False
/tmp/nov_bc/d3acid3_l79_s997523_mpnn3_model1.pdb	B	79	0.6485	5tjg-assembly1_F	0.1460	1.0000	False	False	True	False
/tmp/nov_bc/d3acidrelax_l60_s667250_mpnn10_model1.pdb	B	60	0.8554	3uun-assembly3_B	0.1860	1.0000	False	False	True	False
/tmp/nov_bc/d3acidrelax_l60_s667250_mpnn15_model1.pdb	B	60	0.8537	3uun-assembly3_B	0.1920	1.0000	False	False	True	False
/tmp/nov_bc/d3acidrelax_l60_s667250_mpnn20_model1.pdb	B	60	0.8477	2crb-assembly1_A	0.1750	1.0000	False	False	True	False
/tmp/nov_bc/d3acidrelax_l60_s667250_mpnn4_model1.pdb	B	60	0.8231	3uun-assembly3_B	0.1920	1.0000	False	False	True	False
/tmp/nov_bc/d3acidrelax_l60_s667250_mpnn5_model1.pdb	B	60	0.8527	3uun-assembly3_B	0.1830	1.0000	False	False	True	False
/tmp/nov_bc/d3acidrelax_l60_s667250_mpnn8_model1.pdb	B	60	0.8387	3uun-assembly3_B	0.1830	1.0000	False	False	True	False
/tmp/nov_bc/d3acidrelax_l72_s228042_mpnn15_model1.pdb	B	72	0.6089	6cb1-assembly1_i	0.1520	1.0000	False	False	True	False
/tmp/nov_bc/d3acidrelax_l72_s228042_mpnn20_model1.pdb	B	72	0.6163	8v84-assembly1_i	0.1630	1.0000	False	False	True	False
/tmp/nov_bc/d3acidrelax_l72_s228042_mpnn3_model2.pdb	B	72	0.5971	6qik-assembly1_h	0.1540	1.0000	False	False	True	False
/tmp/nov_bc/d3acidrelax_l76_s187703_mpnn1_model1.pdb	B	76	0.8249	6s37-assembly1_B	0.1460	1.0000	False	False	True	False
/tmp/nov_bc/d3acidrelax_l76_s187703_mpnn2_model1.pdb	B	76	0.8234	6db1-assembly1_A	0.2500	1.0000	False	False	True	False
/tmp/nov_bc/d3acidrelax_l76_s187703_mpnn3_model1.pdb	B	76	0.8261	6s37-assembly1_A	0.2780	1.0000	False	False	True	False
/tmp/nov_bc/d3acidrelax_l76_s187703_mpnn3_model2.pdb	B	76	0.8279	6s37-assembly1_A	0.2780	1.0000	False	False	True	False
/tmp/nov_bc/d3acidrelax_l76_s187703.pdb	B	76	0.8314	7jh6-assembly4_D	0.1690	1.0000	False	False	True	False
/tmp/nov_bc/d3acidrelax_l79_s104699_mpnn1_model2.pdb	B	79	0.6635	1bqb-assembly1_A	0.1180	1.0000	False	False	True	False
/tmp/nov_bc/d3acidrelax_l79_s104699_mpnn17_model2.pdb	B	79	0.6947	7skm-assembly2_C	0.0970	1.0000	False	False	True	False
/tmp/nov_bc/d3acidrelax_l79_s104699_mpnn19_model2.pdb	B	79	0.6776	2p11-assembly1_A	0.1410	1.0000	False	False	True	False
/tmp/nov_bc/d3acidrelax_l79_s104699_mpnn8_model1.pdb	B	79	0.6637	7skm-assembly2_C	0.1040	1.0000	False	False	True	False
/tmp/nov_bc/d3acidrelax_l79_s104699_mpnn9_model1.pdb	B	79	0.6760	7skm-assembly2_C	0.1170	1.0000	False	False	True	False
