arm	design	his	pka_free	pka_bound	delta	ratio	passes
tight_h433_DD	rank01_boltzgen_egfr_tight_h433_DD_05	H370	5.66	5.66	0.0	1.0	False
tight_h433_DD	rank01_boltzgen_egfr_tight_h433_DD_05	H433	6.22	6.22	0.0	1.0	False
tight_h433_DD	rank02_boltzgen_egfr_tight_h433_DD_19	H370	5.19	5.16	-0.03	0.997	False
tight_h433_DD	rank02_boltzgen_egfr_tight_h433_DD_19	H433	6.26	6.26	0.0	1.0	False
tight_h433_DD	rank03_boltzgen_egfr_tight_h433_DD_14	H370	5.04	5.03	-0.01	0.999	False
tight_h433_DD	rank03_boltzgen_egfr_tight_h433_DD_14	H433	6.25	6.25	0.0	1.0	False
tight_h433_DD	rank04_boltzgen_egfr_tight_h433_DD_07	H370	5.2	4.72	-0.48	0.972	False
tight_h433_DD	rank04_boltzgen_egfr_tight_h433_DD_07	H433	6.26	6.26	0.0	1.0	False
tight_h433_DD	rank05_boltzgen_egfr_tight_h433_DD_06	H370	5.32	4.36	-0.96	0.952	False
tight_h433_DD	rank05_boltzgen_egfr_tight_h433_DD_06	H433	6.22	5.85	-0.37	0.832	False
tight_h433_DD	rank06_boltzgen_egfr_tight_h433_DD_02	H370	5.42	5.27	-0.15	0.981	False
tight_h433_DD	rank06_boltzgen_egfr_tight_h433_DD_02	H433	6.26	4.83	-1.43	0.693	False
tight_h433_DD	rank07_boltzgen_egfr_tight_h433_DD_01	H370	4.95	3.99	-0.96	0.979	False
tight_h433_DD	rank07_boltzgen_egfr_tight_h433_DD_01	H433	6.23	5.39	-0.84	0.741	False
tight_h433_DD	rank08_boltzgen_egfr_tight_h433_DD_00	H370	5.29	4.72	-0.57	0.963	False
tight_h433_DD	rank08_boltzgen_egfr_tight_h433_DD_00	H433	6.23	5.35	-0.88	0.737	False
tight_h433_DD	rank09_boltzgen_egfr_tight_h433_DD_09	H370	5.09	4.72	-0.37	0.981	False
tight_h433_DD	rank09_boltzgen_egfr_tight_h433_DD_09	H433	6.32	6.32	0.0	1.0	False
tight_h433_DD	rank10_boltzgen_egfr_tight_h433_DD_13	H370	5.12	5.12	0.0	1.0	False
tight_h433_DD	rank10_boltzgen_egfr_tight_h433_DD_13	H433	6.24	6.24	0.0	1.0	False
tight_h433_DD	rank11_boltzgen_egfr_tight_h433_DD_04	H370	5.25	5.03	-0.22	0.982	False
tight_h433_DD	rank11_boltzgen_egfr_tight_h433_DD_04	H433	6.27	6.27	0.0	1.0	False
tight_h433_DD	rank12_boltzgen_egfr_tight_h433_DD_16	H370	5.15	5.14	-0.01	0.999	False
tight_h433_DD	rank12_boltzgen_egfr_tight_h433_DD_16	H433	6.39	6.39	0.0	1.0	False
tight_h433_DD	rank13_boltzgen_egfr_tight_h433_DD_15	H370	5.21	5.21	0.0	1.0	False
tight_h433_DD	rank13_boltzgen_egfr_tight_h433_DD_15	H433	6.27	6.27	0.0	1.0	False
tight_h433_DD	rank14_boltzgen_egfr_tight_h433_DD_12	H370	6.79	6.79	0.0	1.0	False
tight_h433_DD	rank14_boltzgen_egfr_tight_h433_DD_12	H433	6.26	6.26	0.0	1.0	False
tight_h433_DD	rank15_boltzgen_egfr_tight_h433_DD_10	H370	5.07	5.07	0.0	1.0	False
tight_h433_DD	rank15_boltzgen_egfr_tight_h433_DD_10	H433	6.26	6.26	0.0	1.0	False
tight_h433_DD	rank16_boltzgen_egfr_tight_h433_DD_08	H370	5.27	5.27	0.0	1.0	False
tight_h433_DD	rank16_boltzgen_egfr_tight_h433_DD_08	H433	6.26	6.26	0.0	1.0	False
tight_h433_DD	rank17_boltzgen_egfr_tight_h433_DD_17	H370	6.72	6.72	0.0	1.0	False
tight_h433_DD	rank17_boltzgen_egfr_tight_h433_DD_17	H433	6.26	6.26	0.0	1.0	False
tight_h433_DD	rank18_boltzgen_egfr_tight_h433_DD_11	H370	5.18	4.72	-0.46	0.974	False
tight_h433_DD	rank18_boltzgen_egfr_tight_h433_DD_11	H433	6.27	6.27	0.0	1.0	False
tight_h433_DD	rank19_boltzgen_egfr_tight_h433_DD_03	H370	5.41	5.41	0.0	1.0	False
tight_h433_DD	rank19_boltzgen_egfr_tight_h433_DD_03	H433	6.26	6.26	0.0	1.0	False
tight_h433_DD	rank20_boltzgen_egfr_tight_h433_DD_18	H370	5.18	4.72	-0.46	0.974	False
tight_h433_DD	rank20_boltzgen_egfr_tight_h433_DD_18	H433	6.32	6.03	-0.29	0.838	False
tight_h433_EE	rank01_boltzgen_egfr_tight_h433_EE_11	H370	5.19	5.19	0.0	1.0	False
tight_h433_EE	rank01_boltzgen_egfr_tight_h433_EE_11	H433	6.27	6.27	0.0	1.0	False
tight_h433_EE	rank02_boltzgen_egfr_tight_h433_EE_02	H370	5.24	3.64	-1.6	0.956	False
tight_h433_EE	rank02_boltzgen_egfr_tight_h433_EE_02	H433	6.32	4.0	-2.32	0.654	False
tight_h433_EE	rank03_boltzgen_egfr_tight_h433_EE_04	H370	6.93	7.45	0.52	1.694	True
tight_h433_EE	rank03_boltzgen_egfr_tight_h433_EE_04	H433	6.21	4.23	-1.98	0.707	False
tight_h433_EE	rank04_boltzgen_egfr_tight_h433_EE_01	H370	4.74	4.74	0.0	1.0	False
tight_h433_EE	rank04_boltzgen_egfr_tight_h433_EE_01	H433	6.21	6.21	0.0	1.0	False
tight_h433_EE	rank05_boltzgen_egfr_tight_h433_EE_06	H370	5.09	4.83	-0.26	0.985	False
tight_h433_EE	rank05_boltzgen_egfr_tight_h433_EE_06	H433	6.38	5.51	-0.87	0.678	False
tight_h433_EE	rank06_boltzgen_egfr_tight_h433_EE_13	H370	4.94	4.61	-0.33	0.988	False
tight_h433_EE	rank06_boltzgen_egfr_tight_h433_EE_13	H433	6.23	6.23	0.0	1.0	False
tight_h433_EE	rank07_boltzgen_egfr_tight_h433_EE_07	H370	7.14	7.14	0.0	1.0	False
tight_h433_EE	rank07_boltzgen_egfr_tight_h433_EE_07	H433	6.23	6.23	0.0	1.0	False
tight_h433_EE	rank08_boltzgen_egfr_tight_h433_EE_03	H370	5.03	3.47	-1.56	0.972	False
tight_h433_EE	rank08_boltzgen_egfr_tight_h433_EE_03	H433	6.31	3.81	-2.5	0.658	False
tight_h433_EE	rank09_boltzgen_egfr_tight_h433_EE_18	H370	4.6	4.6	0.0	1.0	False
tight_h433_EE	rank09_boltzgen_egfr_tight_h433_EE_18	H433	6.16	6.16	0.0	1.0	False
tight_h433_EE	rank10_boltzgen_egfr_tight_h433_EE_08	H370	5.12	3.67	-1.45	0.966	False
tight_h433_EE	rank10_boltzgen_egfr_tight_h433_EE_08	H433	6.12	4.93	-1.19	0.76	False
tight_h433_EE	rank11_boltzgen_egfr_tight_h433_EE_10	H370	7.34	7.37	0.03	1.028	False
tight_h433_EE	rank11_boltzgen_egfr_tight_h433_EE_10	H433	6.22	6.22	0.0	1.0	False
tight_h433_EE	rank12_boltzgen_egfr_tight_h433_EE_00	H370	5.18	5.18	0.0	1.0	False
tight_h433_EE	rank12_boltzgen_egfr_tight_h433_EE_00	H433	6.27	6.27	0.0	1.0	False
tight_h433_EE	rank13_boltzgen_egfr_tight_h433_EE_09	H370	6.83	6.03	-0.8	0.519	False
tight_h433_EE	rank13_boltzgen_egfr_tight_h433_EE_09	H433	6.24	4.29	-1.95	0.694	False
tight_h433_EE	rank14_boltzgen_egfr_tight_h433_EE_12	H370	4.87	4.81	-0.06	0.997	False
tight_h433_EE	rank14_boltzgen_egfr_tight_h433_EE_12	H433	6.23	6.23	0.0	1.0	False
tight_h433_EE	rank15_boltzgen_egfr_tight_h433_EE_05	H370	5.21	5.08	-0.13	0.989	False
tight_h433_EE	rank15_boltzgen_egfr_tight_h433_EE_05	H433	6.29	5.37	-0.92	0.709	False
tight_h433_EE	rank16_boltzgen_egfr_tight_h433_EE_17	H370	5.56	5.56	0.0	1.0	False
tight_h433_EE	rank16_boltzgen_egfr_tight_h433_EE_17	H433	6.23	6.23	0.0	1.0	False
tight_h433_EE	rank17_boltzgen_egfr_tight_h433_EE_19	H370	5.06	4.54	-0.52	0.979	False
tight_h433_EE	rank17_boltzgen_egfr_tight_h433_EE_19	H433	6.15	6.15	0.0	1.0	False
tight_h433_EE	rank18_boltzgen_egfr_tight_h433_EE_16	H370	4.53	4.53	0.0	1.0	False
tight_h433_EE	rank18_boltzgen_egfr_tight_h433_EE_16	H433	6.19	6.19	0.0	1.0	False
tight_h433_EE	rank19_boltzgen_egfr_tight_h433_EE_15	H370	5.14	5.14	0.0	1.0	False
tight_h433_EE	rank19_boltzgen_egfr_tight_h433_EE_15	H433	6.6	6.6	0.0	1.0	False
tight_h433_EE	rank20_boltzgen_egfr_tight_h433_EE_14	H370	5.28	5.28	0.0	1.0	False
tight_h433_EE	rank20_boltzgen_egfr_tight_h433_EE_14	H433	6.27	6.27	0.0	1.0	False
tight_h433_D1	rank01_boltzgen_egfr_tight_h433_D1_07	H370	6.64	6.64	0.0	1.0	False
tight_h433_D1	rank01_boltzgen_egfr_tight_h433_D1_07	H433	6.15	6.15	0.0	1.0	False
tight_h433_D1	rank02_boltzgen_egfr_tight_h433_D1_01	H370	5.23	5.23	0.0	1.0	False
tight_h433_D1	rank02_boltzgen_egfr_tight_h433_D1_01	H433	6.17	6.17	0.0	1.0	False
tight_h433_D1	rank03_boltzgen_egfr_tight_h433_D1_02	H370	4.55	4.55	0.0	1.0	False
tight_h433_D1	rank03_boltzgen_egfr_tight_h433_D1_02	H433	6.2	6.2	0.0	1.0	False
tight_h433_D1	rank04_boltzgen_egfr_tight_h433_D1_00	H370	5.04	5.04	0.0	1.0	False
tight_h433_D1	rank04_boltzgen_egfr_tight_h433_D1_00	H433	6.23	6.23	0.0	1.0	False
tight_h433_D1	rank05_boltzgen_egfr_tight_h433_D1_04	H370	4.91	3.29	-1.62	0.979	False
tight_h433_D1	rank05_boltzgen_egfr_tight_h433_D1_04	H433	6.31	5.05	-1.26	0.677	False
tight_h433_D1	rank06_boltzgen_egfr_tight_h433_D1_16	H370	4.8	4.8	0.0	1.0	False
tight_h433_D1	rank06_boltzgen_egfr_tight_h433_D1_16	H433	6.22	6.22	0.0	1.0	False
tight_h433_D1	rank07_boltzgen_egfr_tight_h433_D1_13	H370	5.46	5.46	0.0	1.0	False
tight_h433_D1	rank07_boltzgen_egfr_tight_h433_D1_13	H433	6.25	6.25	0.0	1.0	False
tight_h433_D1	rank08_boltzgen_egfr_tight_h433_D1_17	H370	4.01	3.17	-0.84	0.998	False
tight_h433_D1	rank08_boltzgen_egfr_tight_h433_D1_17	H433	5.33	4.17	-1.16	0.949	False
tight_h433_D1	rank09_boltzgen_egfr_tight_h433_D1_14	H370	6.94	6.94	0.0	1.0	False
tight_h433_D1	rank09_boltzgen_egfr_tight_h433_D1_14	H433	6.23	6.23	0.0	1.0	False
tight_h433_D1	rank10_boltzgen_egfr_tight_h433_D1_12	H370	7.39	7.39	0.0	1.0	False
tight_h433_D1	rank10_boltzgen_egfr_tight_h433_D1_12	H433	6.23	6.23	0.0	1.0	False
tight_h433_D1	rank11_boltzgen_egfr_tight_h433_D1_11	H370	6.8	6.22	-0.58	0.597	False
tight_h433_D1	rank11_boltzgen_egfr_tight_h433_D1_11	H433	6.34	5.77	-0.57	0.745	False
tight_h433_D1	rank12_boltzgen_egfr_tight_h433_D1_05	H370	6.66	6.66	0.0	1.0	False
tight_h433_D1	rank12_boltzgen_egfr_tight_h433_D1_05	H433	6.24	6.24	0.0	1.0	False
tight_h433_D1	rank13_boltzgen_egfr_tight_h433_D1_10	H370	5.22	5.22	0.0	1.0	False
tight_h433_D1	rank13_boltzgen_egfr_tight_h433_D1_10	H433	6.23	6.23	0.0	1.0	False
tight_h433_D1	rank14_boltzgen_egfr_tight_h433_D1_15	H370	5.03	5.03	0.0	1.0	False
tight_h433_D1	rank14_boltzgen_egfr_tight_h433_D1_15	H433	6.27	6.27	0.0	1.0	False
tight_h433_D1	rank15_boltzgen_egfr_tight_h433_D1_08	H370	5.32	5.32	0.0	1.0	False
tight_h433_D1	rank15_boltzgen_egfr_tight_h433_D1_08	H433	6.25	6.25	0.0	1.0	False
tight_h433_D1	rank16_boltzgen_egfr_tight_h433_D1_09	H370	5.21	5.21	0.0	1.0	False
tight_h433_D1	rank16_boltzgen_egfr_tight_h433_D1_09	H433	6.23	6.23	0.0	1.0	False
tight_h433_D1	rank17_boltzgen_egfr_tight_h433_D1_18	H370	5.02	5.02	0.0	1.0	False
tight_h433_D1	rank17_boltzgen_egfr_tight_h433_D1_18	H433	6.24	6.24	0.0	1.0	False
tight_h433_D1	rank18_boltzgen_egfr_tight_h433_D1_03	H370	4.9	4.9	0.0	1.0	False
tight_h433_D1	rank18_boltzgen_egfr_tight_h433_D1_03	H433	6.18	6.18	0.0	1.0	False
tight_h433_D1	rank19_boltzgen_egfr_tight_h433_D1_06	H370	6.61	6.68	0.07	1.072	False
tight_h433_D1	rank19_boltzgen_egfr_tight_h433_D1_06	H433	6.27	6.27	0.0	1.0	False
tight_h433_D1	rank20_boltzgen_egfr_tight_h433_D1_19	H370	6.88	6.88	0.0	1.0	False
tight_h433_D1	rank20_boltzgen_egfr_tight_h433_D1_19	H433	6.3	6.3	0.0	1.0	False
