design	pka_free	pka_bound	delta	ratio_6.5_over_7.4	passes
analysis/01-egfr/rim-designs/complex/rimB01_r01_boltzgen_egfr_d3_rimB_27.pdb	6.22	5.12	-1.10	0.724	False
analysis/01-egfr/rim-designs/complex/rimB01_r02_boltzgen_egfr_d3_rimB_38.pdb	6.22	3.30	-2.92	0.700	False
analysis/01-egfr/rim-designs/complex/rimB01_r03_boltzgen_egfr_d3_rimB_21.pdb	6.22	3.26	-2.96	0.700	False
analysis/01-egfr/rim-designs/complex/rimB01_r04_boltzgen_egfr_d3_rimB_20.pdb	6.22	3.39	-2.83	0.700	False
analysis/01-egfr/rim-designs/complex/rimB01_r05_boltzgen_egfr_d3_rimB_19.pdb	6.22	5.89	-0.33	0.845	False
analysis/01-egfr/rim-designs/complex/rimB01_r06_boltzgen_egfr_d3_rimB_13.pdb	6.22	3.71	-2.51	0.700	False
analysis/01-egfr/rim-designs/complex/rimB01_r07_boltzgen_egfr_d3_rimB_32.pdb	6.22	4.54	-1.68	0.706	False
analysis/01-egfr/rim-designs/complex/rimB01_r08_boltzgen_egfr_d3_rimB_28.pdb	6.22	2.83	-3.39	0.699	False
analysis/01-egfr/rim-designs/complex/rimB01_r09_boltzgen_egfr_d3_rimB_07.pdb	6.22	6.38	+0.16	1.122	True
analysis/01-egfr/rim-designs/complex/rimB01_r10_boltzgen_egfr_d3_rimB_23.pdb	6.22	5.16	-1.06	0.727	False
analysis/01-egfr/rim-designs/complex/rimB01_r11_boltzgen_egfr_d3_rimB_26.pdb	6.22	4.06	-2.16	0.701	False
analysis/01-egfr/rim-designs/complex/rimB01_r12_boltzgen_egfr_d3_rimB_11.pdb	6.22	5.62	-0.60	0.778	False
analysis/01-egfr/rim-designs/complex/rimB01_r13_boltzgen_egfr_d3_rimB_04.pdb	6.22	5.42	-0.80	0.749	False
analysis/01-egfr/rim-designs/complex/rimB01_r14_boltzgen_egfr_d3_rimB_39.pdb	6.22	5.85	-0.37	0.832	False
analysis/01-egfr/rim-designs/complex/rimB01_r15_boltzgen_egfr_d3_rimB_42.pdb	6.22	4.87	-1.35	0.713	False
analysis/01-egfr/rim-designs/complex/rimB01_r16_boltzgen_egfr_d3_rimB_48.pdb	6.22	4.85	-1.37	0.713	False
analysis/01-egfr/rim-designs/complex/rimB01_r17_boltzgen_egfr_d3_rimB_24.pdb	6.22	5.38	-0.84	0.745	False
analysis/01-egfr/rim-designs/complex/rimB01_r18_boltzgen_egfr_d3_rimB_40.pdb	6.22	6.26	+0.04	1.027	True
analysis/01-egfr/rim-designs/complex/rimB01_r19_boltzgen_egfr_d3_rimB_05.pdb	6.22	4.64	-1.58	0.708	False
analysis/01-egfr/rim-designs/complex/rimB01_r20_boltzgen_egfr_d3_rimB_29.pdb	6.22	5.77	-0.45	0.810	False
analysis/01-egfr/rim-designs/complex/rimB01_r21_boltzgen_egfr_d3_rimB_00.pdb	6.22	4.70	-1.52	0.709	False
analysis/01-egfr/rim-designs/complex/rimB01_r22_boltzgen_egfr_d3_rimB_09.pdb	6.22	5.78	-0.44	0.813	False
analysis/01-egfr/rim-designs/complex/rimB01_r23_boltzgen_egfr_d3_rimB_35.pdb	6.22	4.71	-1.51	0.709	False
analysis/01-egfr/rim-designs/complex/rimB01_r24_boltzgen_egfr_d3_rimB_46.pdb	6.22	6.30	+0.08	1.056	True
analysis/01-egfr/rim-designs/complex/rimB01_r25_boltzgen_egfr_d3_rimB_59.pdb	6.22	5.70	-0.52	0.794	False
analysis/01-egfr/rim-designs/complex/rimB01_r26_boltzgen_egfr_d3_rimB_12.pdb	6.22	6.20	-0.02	0.987	False
analysis/01-egfr/rim-designs/complex/rimB01_r27_boltzgen_egfr_d3_rimB_10.pdb	6.22	3.38	-2.84	0.700	False
analysis/01-egfr/rim-designs/complex/rimB01_r28_boltzgen_egfr_d3_rimB_18.pdb	6.22	4.98	-1.24	0.718	False
analysis/01-egfr/rim-designs/complex/rimB01_r29_boltzgen_egfr_d3_rimB_34.pdb	6.22	4.67	-1.55	0.708	False
analysis/01-egfr/rim-designs/complex/rimB01_r30_boltzgen_egfr_d3_rimB_06.pdb	6.22	5.41	-0.81	0.748	False
