design	his	pka_free	pka_bound	delta	ratio	passes
mechAd4_02_r02_boltzgen_egfr_mechA_d4_03	122	7.25	7.68	0.43	1.432	True
mechA02_r03_boltzgen_egfr_mechA_02	62	6.17	6.21	0.04	1.025	True
mechA02_r03_boltzgen_egfr_mechA_02	69	6.31	6.32	0.01	1.007	True
mechA01_r04_boltzgen_egfr_mechA_02	13	6.43	6.43	0.0	1.0	False
mechA01_r13_boltzgen_egfr_mechA_08	49	6.35	6.35	0.0	1.0	False
mechA02_r03_boltzgen_egfr_mechA_02	135	5.96	5.96	0.0	1.0	False
mechA02_r03_boltzgen_egfr_mechA_02	145	7.01	7.01	0.0	1.0	False
mechA02_r11_boltzgen_egfr_mechA_03	64	6.13	6.13	0.0	1.0	False
mechAd4_01_r10_boltzgen_egfr_mechA_d4_10	91	5.78	5.78	0.0	1.0	False
mechAd4_01_r12_boltzgen_egfr_mechA_d4_01	4	6.39	6.39	0.0	1.0	False
mechAd4_01_r17_boltzgen_egfr_mechA_d4_09	35	3.53	3.38	-0.15	1.0	False
mechAd4_02_r01_boltzgen_egfr_mechA_d4_09	2	6.08	6.08	0.0	1.0	False
mechAd4_02_r01_boltzgen_egfr_mechA_d4_09	55	6.49	6.49	0.0	1.0	False
mechAd4_02_r01_boltzgen_egfr_mechA_d4_09	88	6.84	6.84	0.0	1.0	False
mechAd4_02_r01_boltzgen_egfr_mechA_d4_09	121	6.45	6.45	0.0	1.0	False
mechAd4_02_r10_boltzgen_egfr_mechA_d4_19	123	6.3	6.3	0.0	1.0	False
mechAd4_02_r13_boltzgen_egfr_mechA_d4_04	11	5.97	5.97	0.0	1.0	False
mechAd4_02_r01_boltzgen_egfr_mechA_d4_09	71	3.54	2.91	-0.63	0.999	False
mechA02_r03_boltzgen_egfr_mechA_02	102	5.49	5.48	-0.01	0.998	False
mechAd4_02_r01_boltzgen_egfr_mechA_d4_09	104	4.61	4.32	-0.29	0.995	False
mechAd4_02_r01_boltzgen_egfr_mechA_d4_09	154	6.1	6.09	-0.01	0.995	False
mechAd4_01_r15_boltzgen_egfr_mechA_d4_13	35	4.7	3.88	-0.82	0.988	False
mechA02_r03_boltzgen_egfr_mechA_02	95	4.79	4.18	-0.61	0.987	False
mechAd4_01_r18_boltzgen_egfr_mechA_d4_17	80	4.75	3.6	-1.15	0.986	False
mechA02_r03_boltzgen_egfr_mechA_02	128	5.78	5.73	-0.05	0.985	False
mechAd4_01_r02_boltzgen_egfr_mechA_d4_02	55	5.41	5.29	-0.12	0.984	False
mechAd4_02_r01_boltzgen_egfr_mechA_d4_09	38	4.93	3.98	-0.95	0.98	False
mechA01_r10_boltzgen_egfr_mechA_10	35	5.8	5.69	-0.11	0.968	False
mechA01_r04_boltzgen_egfr_mechA_02	71	5.18	4.31	-0.87	0.965	False
mechAd4_02_r01_boltzgen_egfr_mechA_d4_09	45	5.46	5.17	-0.29	0.965	False
mechAd4_02_r02_boltzgen_egfr_mechA_d4_03	44	5.61	5.31	-0.3	0.951	False
mechA02_r03_boltzgen_egfr_mechA_02	29	5.47	4.85	-0.62	0.943	False
mechAd4_02_r12_boltzgen_egfr_mechA_d4_06	129	6.14	6.01	-0.13	0.934	False
mechAd4_02_r11_boltzgen_egfr_mechA_d4_12	72	5.5	2.84	-2.66	0.921	False
mechAd4_02_r01_boltzgen_egfr_mechA_d4_09	111	5.58	3.79	-1.79	0.908	False
mechA02_r01_boltzgen_egfr_mechA_08	111	5.88	5.43	-0.45	0.892	False
mechAd4_02_r01_boltzgen_egfr_mechA_d4_09	137	6.29	6.11	-0.18	0.892	False
mechAd4_01_r13_boltzgen_egfr_mechA_d4_18	60	5.98	5.61	-0.37	0.886	False
mechA01_r06_boltzgen_egfr_mechA_13	58	6.84	6.72	-0.12	0.88	False
mechAd4_02_r01_boltzgen_egfr_mechA_d4_09	78	5.83	4.45	-1.38	0.853	False
mechAd4_02_r12_boltzgen_egfr_mechA_d4_06	145	6.88	6.59	-0.29	0.74	False
mechAd4_02_r01_boltzgen_egfr_mechA_d4_09	144	6.25	2.91	-3.34	0.686	False
mechA02_r08_boltzgen_egfr_mechA_16	13	6.28	4.86	-1.42	0.685	False
mechA02_r07_boltzgen_egfr_mechA_19	40	6.28	4.47	-1.81	0.677	False
mechAd4_02_r11_boltzgen_egfr_mechA_d4_12	105	6.45	5.54	-0.91	0.644	False
mechAd4_01_r07_boltzgen_egfr_mechA_d4_03	103	6.51	5.17	-1.34	0.581	False
mechA01_r14_boltzgen_egfr_mechA_14	57	6.83	5.72	-1.11	0.462	False
mechAd4_02_r01_boltzgen_egfr_mechA_d4_09	142	6.83	5.11	-1.72	0.419	False
mechA02_r17_boltzgen_egfr_mechA_10	63	6.8	3.46	-3.34	0.418	False
